{"cameraMode":{"drawMode":0,"name":"Shaded","section":"Shading Mode"},"sceneLighting":true,"audioPlay":false,"sceneViewState":{"showFog":true,"showMaterialUpdate":false,"showSkybox":true,"showFlares":true,"showImageEffects":true,"showParticleSystems":true},"in2DMode":false,"pivot":{"x":0.10234154760837555,"y":-0.0006283968687057495,"z":1.0972223281860352},"rotation":{"x":-0.15515823662281037,"y":0.15694618225097657,"z":-0.02497522346675396,"w":-0.9750241637229919},"size":0.5892059803009033,"orthographic":false}